"","title","link","upc","stock"
"1","Mr. Heater MH15T Single Tank Top Outdoor Propane Heater Efficient radiant heatin","http://www.ebay.com/itm/Mr-Heater-MH15T-Single-Tank-Top-Outdoor-Propane-Heater-Efficient-radiant-heatin-/302083853195?hash=item465599cb8b:g:YCIAAOSwTA9X5MTO","089301421004",NA
"2","Rust-Oleum 207001 Marine Topside Paint, Oyster White, 1-Quart BRAND NEW","http://www.ebay.com/itm/Rust-Oleum-207001-Marine-Topside-Paint-Oyster-White-1-Quart-BRAND-NEW-/291422292146?hash=item43da1f48b2:g:OxwAAOSweW5VHR9z","094704996714",NA
"3","Sharpie Color Burst Permanent Markers, Fine Point, Assorted Colors, 24-Count NEW","http://www.ebay.com/itm/Sharpie-Color-Burst-Permanent-Markers-Fine-Point-Assorted-Colors-24-Count-NEW-/291875159928?hash=item43f51d7f78:g:JkIAAOSw8w1X2j5T","NA","More than 10 available /         43 sold"
"4","BISSELL Perfect Sweep Turbo Cordless Rechargeable Sweeper, 2880A NEW","http://www.ebay.com/itm/BISSELL-Perfect-Sweep-Turbo-Cordless-Rechargeable-Sweeper-2880A-NEW-/111908841154?hash=item1a0e4966c2:g:~YkAAOSw~OVWxbYx","058342002602","More than 10 available /         1 sold"
"5","Singer 10-Pack Regular Point Machine Needles Assorted  4 Size (4790) CXX","http://www.ebay.com/itm/Singer-10-Pack-Regular-Point-Machine-Needles-Assorted-4-Size-4790-CXX-/111784410178?hash=item1a06debc42:g:AnYAAOSwVL1WClP9","075691047900","More than 10 available /         18 sold"
"6","Micro USB Cable, Rankie 3-Pack 3ft Premium Micro USB Cable High Speed USB CXX","http://www.ebay.com/itm/Micro-USB-Cable-Rankie-3-Pack-3ft-Premium-Micro-USB-Cable-High-Speed-USB-CXX-/291815199054?hash=item43f18a914e:g:2pcAAOSw0kNXgiWD","810298027418","More than 10 available /         5 sold"
"7","Playtex Drop-Ins BPA-Free Bottle Liners for Playtex Nurser Bottles - 8 Ounce AOI","http://www.ebay.com/itm/Playtex-Drop-Ins-BPA-Free-Bottle-Liners-for-Playtex-Nurser-Bottles-8-Ounce-AOI-/111614147838?hash=item19fcb8bcfe:g:4SQAAOSwGYVXC0SX","074994338821","More than 10 available /         66 sold"
"8","Prime-Line Products M 6029 Shower Door Handle Set, Chrome Diecast construct AOI","http://www.ebay.com/itm/Prime-Line-Products-M-6029-Shower-Door-Handle-Set-Chrome-Diecast-construct-AOI-/291721866556?hash=item43ebfa6d3c:g:-dMAAOSw9uFW-Mo7","049793060297","More than 10 available /         3 sold"
"9","Body Fortress Super Advanced Whey Protein Powder, Vanilla, 2 Pound ,[44315] NEW","http://www.ebay.com/itm/Body-Fortress-Super-Advanced-Whey-Protein-Powder-Vanilla-2-Pound-44315-NEW-/291716940619?hash=item43ebaf434b:g:iSYAAOSw8w1X9aks","074312443152","More than 10 available /         24 sold"
"10","Tombow Mono Permanent Adhesive Refills, 3 Pack (62207) by Tombow (BRAND NEW)","http://www.ebay.com/itm/Tombow-Mono-Permanent-Adhesive-Refills-3-Pack-62207-by-Tombow-BRAND-NEW-/111899414194?hash=item1a0db98eb2:g:0cMAAOSw~OVWuDzG","885772711213","More than 10 available /         35 sold"
"11","Pyle PLMRA400 400-Watt 4-Channel Waterproof Marine Car Amplifier Aluminum new","http://www.ebay.com/itm/Pyle-PLMRA400-400-Watt-4-Channel-Waterproof-Marine-Car-Amplifier-Aluminum-new-/302018306248?hash=item4651b1a0c8:g:cfcAAOSwFfhXjfwm","068888883375","More than 10 available /         5 sold"
"12","A Place to Stand by Jimmy Santiago Baca  (Paperback) FREE SHIPPING (BRAND NEW)","http://www.ebay.com/itm/A-Place-to-Stand-by-Jimmy-Santiago-Baca-Paperback-FREE-SHIPPING-BRAND-NEW-/111597446909?hash=item19fbb9e6fd:g:x6cAAOSwe-FU3JiY","9780802139085","More than 10 available /         13 sold"
"13","The New Jim Crow: Mass Incarceration in the Age by Michelle Alexander- Paperback","http://www.ebay.com/itm/The-New-Jim-Crow-Mass-Incarceration-in-the-Age-by-Michelle-Alexander-Paperback-/290846598676?hash=item43b7cee614:g:zSwAAOSw0JpV3dOs",NA,"More than 10 available /         108 sold"
"14","Marvel's Avengers Assemble [Blu-ray] Region Free CAPTAIN AMERICA CIVIL WAR MOCA","http://www.ebay.com/itm/Marvels-Avengers-Assemble-Blu-ray-Region-Free-CAPTAIN-AMERICA-CIVIL-WAR-MOCA-/111924261872?hash=item1a0f34b3f0:g:~10AAOSwDuJW19g~","700220332195","More than 10 available /         3 sold"
"15","Fotodiox Pro Lens Mount Adapter - M42 Type 2 (42mm x1 Screw Mount) BRAND NEW","http://www.ebay.com/itm/Fotodiox-Pro-Lens-Mount-Adapter-M42-Type-2-42mm-x1-Screw-Mount-BRAND-NEW-/301837155396?hash=item4646e57c44:g:o0QAAOSwal5YLpF1","812759013299","More than 10 available /         48 sold"
"16","HP 61 Black Original Ink Cartridge (CH561WN) , Color:Black BRAND NEW","http://www.ebay.com/itm/HP-61-Black-Original-Ink-Cartridge-CH561WN-Color-Black-BRAND-NEW-/111986052525?hash=item1a12e38dad:g:MkwAAOSwLs5XKFQy","745666867146","More than 10 available /         122 sold"
"17","The Selection Series Box Set: The Selection, The Elite by Kiera Cass (Paperback)","http://www.ebay.com/itm/The-Selection-Series-Box-Set-The-Selection-The-Elite-by-Kiera-Cass-Paperback-/291505703838?hash=item43df180b9e:g:8RAAAOSwIzNXPAOH",NA,"More than 10 available /         69 sold"
"18","YCS Basics 6 inch USB Micro male to female OTG extension cable (Size: 0.5 Ft)","http://www.ebay.com/itm/YCS-Basics-6-inch-USB-Micro-male-to-female-OTG-extension-cable-Size-0-5-Ft-/301582245961?hash=item4637b3e049:g:b8MAAOSwqu9VHR48","819279011378","More than 10 available /         21 sold"
"19","BIC Wite-Out Brand EZ Correct Correction Tape, 10-Count [WOTAP10- WHI] NEW","http://www.ebay.com/itm/BIC-Wite-Out-Brand-EZ-Correct-Correction-Tape-10-Count-WOTAP10-WHI-NEW-/291852704483?hash=item43f3c6dae3:g:GYAAAOSwU-pXuqgi","070330507906","More than 10 available /         18 sold"
"20","Heavy Duty Backpack Student Transparent School Bookbag by K-Cliffs BKB BRAND NEW","http://www.ebay.com/itm/Heavy-Duty-Backpack-Student-Transparent-School-Bookbag-by-K-Cliffs-BKB-BRAND-NEW-/112035110839?hash=item1a15d01fb7:g:tdUAAOSwGIRXamyK","872721000931","More than 10 available /         13 sold"
"21","PhysiciansCare 24-201 Eye Wash Solution 32 ounce Bottle","http://www.ebay.com/itm/PhysiciansCare-24-201-Eye-Wash-Solution-32-ounce-Bottle-/112155169526?hash=item1a1cf812f6:g:YdMAAOSw8w1X8IOg","NA","More than 10 available /         6 sold"
"22","3DS XL / DSi XL Leather Case holds up 3x Game Cartridge by CTA Digital BRAND NEW","http://www.ebay.com/itm/3DS-XL-DSi-XL-Leather-Case-holds-up-3x-Game-Cartridge-by-CTA-Digital-BRAND-NEW-/301881164778?hash=item46498503ea:g:ybUAAOSwe7BWzp2u","069060181265","More than 10 available /         7 sold"
"23","Logitech M570 Wireless Trackball, Computer Wireless Mouse [910-001799] WMS NEW","http://www.ebay.com/itm/Logitech-M570-Wireless-Trackball-Computer-Wireless-Mouse-910-001799-WMS-NEW-/291118114436?hash=item43c7fde684:g:EfgAAOxylpNTP4ex","638084718001","More than 10 available /         96 sold"
"24","Streamlight 73001 Nano Light Miniature Keychain LED Flashlight, Black NEW","http://www.ebay.com/itm/Streamlight-73001-Nano-Light-Miniature-Keychain-LED-Flashlight-Black-NEW-/301566720175?hash=item4636c6f8af:g:vDwAAOSwstxVCUMi","092608730014","More than 10 available /         30 sold"
"25","KitchenAid SSA Sausage Stuffer Kit Attachment for Food Grinder Size: 1 NEW AOI","http://www.ebay.com/itm/KitchenAid-SSA-Sausage-Stuffer-Kit-Attachment-for-Food-Grinder-Size-1-NEW-AOI-/291636531662?hash=item43e6e451ce:g:KTsAAOSwcBhWaqbp","050946000169","More than 10 available /         76 sold"
"26","Dremel 225-01 Flex Shaft Attachment (225-01)  (BRAND NEW)","http://www.ebay.com/itm/Dremel-225-01-Flex-Shaft-Attachment-225-01-BRAND-NEW-/111618816661?hash=item19fcfffa95:g:lMEAAOSwe-FVAC~u","080596002251","More than 10 available /         20 sold"
"27","Graco 17A226 FlexLiner Paint Bags, 3-Pack Paint bag size is 32 oz BRAND NEW AOI","http://www.ebay.com/itm/Graco-17A226-FlexLiner-Paint-Bags-3-Pack-Paint-bag-size-is-32-oz-BRAND-NEW-AOI-/301944351972?hash=item464d492ce4:g:ghQAAOSwZSFXJJdX","633955553538","More than 10 available /         16 sold"
"28","Century 7 Day Heavy Duty Digital Programmable Timer - Dual Outlet (FD60-U6) NEW","http://www.ebay.com/itm/Century-7-Day-Heavy-Duty-Digital-Programmable-Timer-Dual-Outlet-FD60-U6-NEW-/291946305216?hash=item43f95b16c0:g:W5UAAOSw44BYLpax","680474115587","More than 10 available /         23 sold"
"29","Tesla Coil Lighters™ USB Rechargeable Windproof Arc Lighter Safe and easy to use","http://www.ebay.com/itm/Tesla-Coil-Lighters-USB-Rechargeable-Windproof-Arc-Lighter-Safe-and-easy-to-use-/291895754144?hash=item43f657bda0:g:h1YAAOSwTA9X8IOk","0849344046936","More than 10 available /         51 sold"
"30","The Ghost Meter EMF Sensor by Alternative Tech International Flashing led lights","http://www.ebay.com/itm/The-Ghost-Meter-EMF-Sensor-by-Alternative-Tech-International-Flashing-led-lights-/301844263827?hash=item464751f393:g:9QgAAOSwJkJWkeSv","656181000881","More than 10 available /         19 sold"
"31","Niutop 72-color Premier Soft Core Art Colored Drawing Pencils MODEL NO. BC33138","http://www.ebay.com/itm/Niutop-72-color-Premier-Soft-Core-Art-Colored-Drawing-Pencils-MODEL-NO-BC33138-/111937895477?hash=item1a1004bc35:g:ZT0AAOSwzLlXh1q1","Does not apply","More than 10 available /         6 sold"
"32","Quick-n-EZ Impact Bullet Puller by Frankford Arsenal [836017] (BRAND NEW)","http://www.ebay.com/itm/Quick-n-EZ-Impact-Bullet-Puller-by-Frankford-Arsenal-836017-BRAND-NEW-/301835364886?hash=item4646ca2a16:g:S4kAAOSwJcZWgOjr","661120446422","More than 10 available /         61 sold"
"33","Tea Leaf Reading A Divination Guide by Dennis Fairchild (Hardcover) BRAND NEW","http://www.ebay.com/itm/Tea-Leaf-Reading-A-Divination-Guide-by-Dennis-Fairchild-Hardcover-BRAND-NEW-/301747697615?hash=item46419077cf:g:D2QAAOSw37tWATGZ","9780762456406","More than 10 available /         2 sold"
"34","3M Imperial Wetordry 3-2/3"" x 9"" 2000 Grit Automotive Sandpaper 03003 NEW [AOI]","http://www.ebay.com/itm/3M-Imperial-Wetordry-3-2-3-x-9-2000-Grit-Automotive-Sandpaper-03003-NEW-AOI-/302054343763?hash=item4653d78453:g:f-8AAOSwHoFXwXPN","051131030039","More than 10 available /         10 sold"
"35","The Guilty (Will Robie series) by David Baldacci (Hardcover) (Language: English)","http://www.ebay.com/itm/The-Guilty-Will-Robie-series-by-David-Baldacci-Hardcover-Language-English-/291593742300?hash=item43e45767dc:g:27MAAOSwwbdWJNFE","9781455586424","Last one /         14 sold"
"36","Zoo Med ReptiSun 10.0 UVB Mini Compact Fluorescent (13 watts) MODEL NO. 25157","http://www.ebay.com/itm/Zoo-Med-ReptiSun-10-0-UVB-Mini-Compact-Fluorescent-13-watts-MODEL-NO-25157-/301868554426?hash=item4648c498ba:g:ELEAAOSwezVWuXVn","097612340112","More than 10 available /         15 sold"
"37","Large Print Cats: A Simple Adult Coloring Book by Large Print Paperback NEW","http://www.ebay.com/itm/Large-Print-Cats-A-Simple-Adult-Coloring-Book-by-Large-Print-Paperback-NEW-/291801986276?hash=item43f0c0f4e4:g:hWMAAOSwjXRXbYPd",NA,"More than 10 available /         4 sold"
"38","KONG Jumbler Ball Dog Toy (TMB1)  [Large/X-Large] Ideal for interactive fun NEW","http://www.ebay.com/itm/KONG-Jumbler-Ball-Dog-Toy-TMB1-Large-X-Large-Ideal-for-interactive-fun-NEW-/112069977743?hash=item1a17e4268f:g:RpAAAOSwCGVYBxTY","035585034089","More than 10 available /         37 sold"
"39","Lisle [77080 ]19 mm Harmonic Balancer Socket for Honda, Made with heat-treated","http://cgi.ebay.com/ebaymotors/Lisle-77080-19-mm-Harmonic-Balancer-Socket-for-Honda-Made-with-heat-treated-/302054262115?hash=item4653d64563:g:SX8AAOSw6n5XwVI2","083045770800","More than 10 available /         8 sold"
"40","Work Sharp WSSA0002705 Fine 6000 Replacement Belt Kit (WSKTS & WSKTS-KT Only)","http://www.ebay.com/itm/Work-Sharp-WSSA0002705-Fine-6000-Replacement-Belt-Kit-WSKTS-WSKTS-KT-Only-/291675422550?hash=item43e935bf56:g:HpYAAOSwoydWsEGe","662949038638","More than 10 available /         5 sold"
"41","Everything In Between (LP) by Ugly Heroes (Mello Music) (Rap & Hip-Hop) [Vinyl]","http://www.ebay.com/itm/Everything-In-Between-LP-by-Ugly-Heroes-Mello-Music-Rap-Hip-Hop-Vinyl-/302014005741?hash=item46517001ed:g:zTAAAOSwyKxXh31o","888608666633","2 available /         1 sold"
"42","ReStor-It Leather/Vinyl Repair Kit, Includes7 1.8-Ounce Colors Mixing(18073) CXX","http://www.ebay.com/itm/ReStor-It-Leather-Vinyl-Repair-Kit-Includes7-1-8-Ounce-Colors-Mixing-18073-CXX-/301954849437?hash=item464de95a9d:g:JvsAAOSwYmZXNFyS","034238180739","More than 10 available /         8 sold"
"43","Avantree aptX LOW LATENCY Bluetooth Transmitter for TV, Dual Link with Two  CXX","http://www.ebay.com/itm/Avantree-aptX-LOW-LATENCY-Bluetooth-Transmitter-for-TV-Dual-Link-with-Two-CXX-/301872442801?hash=item4648ffedb1:g:lcsAAOSw2xRYZLMN","848061078350","More than 10 available /         10 sold"
"44","Tetra Whisper Unassembled Bio-Bag Filter Cartridges 26164 Large 12-Pack NEW","http://www.ebay.com/itm/Tetra-Whisper-Unassembled-Bio-Bag-Filter-Cartridges-26164-Large-12-Pack-NEW-/291575733179?hash=item43e3449bbb:g:fKcAAOSwKIpWCOrm","045623631200","More than 10 available /         263 sold"
"45","The Best Homemade Kids' Snacks on the Planet : by Laura Fuentes  (Paperback) NEW","http://www.ebay.com/itm/The-Best-Homemade-Kids-Snacks-on-the-Planet-by-Laura-Fuentes-Paperback-NEW-/291498888956?hash=item43deb00efc:g:Ya4AAOSw9N1ViO2m","9781592336616","More than 10 available /         2 sold"
"46","White Line Fever: The Autobiography by Lemmy Kilmister (Paperback) BRAND NEW","http://www.ebay.com/itm/White-Line-Fever-The-Autobiography-by-Lemmy-Kilmister-Paperback-BRAND-NEW-/111442227636?hash=item19f27971b4:g:w5kAAOSwPe1T9tKi","9780806525907","More than 10 available /         9 sold"
"47","Acer Chromebook R11,Convertible 4GB RAM,32GB SSD,Intel Celeron(CB5-132T-C1LK)HVI","http://www.ebay.com/itm/Acer-Chromebook-R11-Convertible-4GB-RAM-32GB-SSD-Intel-Celeron-CB5-132T-C1LK-HVI-/112204984805?hash=item1a1ff031e5:g:-p8AAOSwImRYKqvt","888863334391","More than 10 available /         3 sold"
"48","One-Punch Man, Vol. 10 by ONE  [Novels] Superheroes] [Paperback] BRAND NEW","http://www.ebay.com/itm/One-Punch-Man-Vol-10-by-ONE-Novels-Superheroes-Paperback-BRAND-NEW-/291970844346?hash=item43fad186ba:g:w0oAAOSwo4pYT8JJ",NA,"More than 10 available /         7 sold"
"49","ART:365 Days by Metropolitan Museum Of Art Calendar–DeskCalender,(Wall Calendar)","http://www.ebay.com/itm/ART-365-Days-by-Metropolitan-Museum-Of-Art-Calendar-DeskCalender-Wall-Calendar-/302136743476?hash=item4658c0d634:g:4PUAAOSwNphWZqll",NA,"More than 10 available /         1 sold"
"50","2016 World Series Champions: The Chicago Cubs Various (TRAILER INSIDE) (DVD)","http://www.ebay.com/itm/2016-World-Series-Champions-The-Chicago-Cubs-Various-TRAILER-INSIDE-DVD-/291936048804?hash=item43f8be96a4:g:~xwAAOSwcUBYIFc3","826663172911","More than 10 available /         3 sold"
