"","title","link","upc","stock","asin"
"1","Nikon LF-4 Rear Lens Cap [Lens Accessories]  F mount lenses [4348] NEW (AOI)","http://www.ebay.com/itm/Nikon-LF-4-Rear-Lens-Cap-Lens-Accessories-F-mount-lenses-4348-NEW-AOI-/291926373630?hash=item43f82af4fe:g:sjoAAOSw44BYFEwl","4960759026170","More than 10 available /         7 sold","B0045TYDNC"
"2","American Metalcraft TSH3 Taco Holders, 4"" Length x 8"" Width, Silver NEW (AOI)","http://www.ebay.com/itm/American-Metalcraft-TSH3-Taco-Holders-4-Length-x-8-Width-Silver-NEW-AOI-/111983379933?hash=item1a12bac5dd:g:NY4AAOSwYmZXJJLp","704339927105","More than 10 available /         115 sold","B0081SRYUW"
"3","Trace Evidence: A Virals Short Story by Kathy Reichs [Paperback] 2 FEB. 2016 NEW","http://www.ebay.com/itm/Trace-Evidence-A-Virals-Short-Story-by-Kathy-Reichs-Paperback-2-FEB-2016-NEW-/111865719198?hash=item1a0bb7699e:g:PtAAAOSwJkJWifFs","9780147519207","More than 10 available /         2 sold","0147519209"
"4","Terminal: A Virals Novel by Kathy Reichs (Mysteries & Detectives)[Hardcover] NEW","http://www.ebay.com/itm/Terminal-A-Virals-Novel-by-Kathy-Reichs-Mysteries-Detectives-Hardcover-NEW-/301863925715?hash=item46487df7d3:g:TVwAAOSwzhVWsa4D","9781595145284","Last one /         3 sold","1595145281"
"5","24-piece Spare Cribbage Pegs & Instructions by Maple Landmark [non-toxic color]","http://www.ebay.com/itm/24-piece-Spare-Cribbage-Pegs-Instructions-by-Maple-Landmark-non-toxic-color-/302106367954?hash=item4656f157d2:g:Pp0AAOSwNRdYAFl7","679952505965","More than 10 available /         2 sold","B0045ZA6SW"
"6","ZX Spectrum Games Code Club: Twenty fun games  by Gary Plowman (Paperback) NEW","http://www.ebay.com/itm/ZX-Spectrum-Games-Code-Club-Twenty-fun-games-by-Gary-Plowman-Paperback-NEW-/301830859278?hash=item4646856a0e:g:ePkAAOSwo3pWd4DO","9780993474408","More than 10 available /         1 sold","0993474403"
"7","Ceaco 4-in-1 Multi-Pack Thomas Kinkade Disney Dreams Collection [500 Pieces] NEW","http://www.ebay.com/itm/Ceaco-4-in-1-Multi-Pack-Thomas-Kinkade-Disney-Dreams-Collection-500-Pieces-NEW-/111867459589?hash=item1a0bd1f805:g:PDcAAOSwoydWjN6j","885653878936","More than 10 available /         16 sold",NA
"8","Neenah Exact Vellum Bristol, 67 lb, 8.5 x 11 Inches, 250 Sheets, White, NEW AOI","http://www.ebay.com/itm/Neenah-Exact-Vellum-Bristol-67-lb-8-5-x-11-Inches-250-Sheets-White-NEW-AOI-/111429502625?hash=item19f1b746a1:g:6lIAAOSwBahU6xsC","806792235688","More than 10 available /         113 sold",NA
"9","QICENT Cable Management, Electrical Outlet Boxes15.34*5.47*3.54Inches - Black","http://www.ebay.com/itm/QICENT-Cable-Management-Electrical-Outlet-Boxes15-34-5-47-3-54Inches-Black-/291771830030?hash=item43eef4cf0e:g:0lsAAOSw4shX68FT","713194575680","More than 10 available /         8 sold","B01JZ8HPIM"
"10","Betty Boop Travel Mug, White 11924 by Betty Boop For Hot and Cold Beverages NEW","http://www.ebay.com/itm/Betty-Boop-Travel-Mug-White-11924-by-Betty-Boop-For-Hot-and-Cold-Beverages-NEW-/112035114926?hash=item1a15d02fae:g:mlUAAOSwuTxV9mxc","758606335278","More than 10 available /         2 sold","B000VMJDBE"
"11","InterDesign 84-Inch Fabric Waterproof Long Shower Curtain Liner, White (White)","http://www.ebay.com/itm/InterDesign-84-Inch-Fabric-Waterproof-Long-Shower-Curtain-Liner-White-White-/301999620710?hash=item4650948266:g:d8EAAOSwcLxYDd5K","081492149620","More than 10 available /         7 sold","B01MTAN40U"
"12","Wallykazam! (Unrated/DVD) (Kids & Family) [Nickelodeon] NEW KDS (BRAND NEW)","http://www.ebay.com/itm/Wallykazam-Unrated-DVD-Kids-Family-Nickelodeon-NEW-KDS-BRAND-NEW-/111656438485?hash=item19ff3e0ad5:g:4aoAAOSwPgxVPhA4","032429219404","More than 10 available /         44 sold","B00TGNLUYW"
"13","Maxam KTHERB Stainless Steel Mortar and Pestle by Maxam","http://www.ebay.com/itm/Maxam-KTHERB-Stainless-Steel-Mortar-and-Pestle-by-Maxam-/301773919033?hash=item4643209339:g:oRIAAOSwA4dWJyWW","634644811496","More than 10 available /         34 sold","B00FBEC9RM"
"14","Portable Charger RAVPower 16750mAh 4.5A Output External Battery Power Bank CXX","http://www.ebay.com/itm/Portable-Charger-RAVPower-16750mAh-4-5A-Output-External-Battery-Power-Bank-CXX-/112123600360?hash=item1a1b165de8:g:djEAAOSwKtlWoLDp","6950638992366","More than 10 available /         64 sold","B00MQSMEEE"
"15","Cricut Signature Script Fonts Cartridge (2003214)Die-Cuts & Die-Cut Machines CXX","http://www.ebay.com/itm/Cricut-Signature-Script-Fonts-Cartridge-2003214-Die-Cuts-Die-Cut-Machines-CXX-/112054532785?hash=item1a16f87ab1:g:-EQAAOSwAPlXhNb8","Does not apply","More than 10 available /         2 sold","B01LFFN7QM"
"16","Tyler Perry's Boo! A Madea Halloween,Drama [PG-13/DVD] HKS,NEW [TRAILER INSIDE]","http://www.ebay.com/itm/Tyler-Perrys-Boo-A-Madea-Halloween-Drama-PG-13-DVD-HKS-NEW-TRAILER-INSIDE-/112255868220?hash=item1a22f89d3c:g:ZGIAAOSwEzxYac9K","031398256823","More than 10 available /         3 sold","B01LTHWY1K"
"17","Seize the Day: Living on Purpose and Making by Joyce Meyer Audio CD – Audiobook","http://www.ebay.com/itm/Seize-the-Day-Living-on-Purpose-and-Making-by-Joyce-Meyer-Audio-CD-Audiobook-/112148215872?hash=item1a1c8df840:g:o~4AAOSw8gVX555t","9781478985112","More than 10 available /         4 sold","1478985119"
"18","S12 Quart Sterlite Red Dishpan Basin, Multi-purpose, 15 3/4""x12 1/2 ""x6"" NEW","http://www.ebay.com/itm/S12-Quart-Sterlite-Red-Dishpan-Basin-Multi-purpose-15-3-4-x12-1-2-x6-NEW-/112065272484?hash=item1a179c5aa4:g:qNkAAOSwARZXkb8Q","073149657589","More than 10 available /         34 sold","B0045U2QNA"
"19","Milk-Bone Original Dog Treats [00079100925025] 10 Pound Large Sized Dogs NEW","http://www.ebay.com/itm/Milk-Bone-Original-Dog-Treats-00079100925025-10-Pound-Large-Sized-Dogs-NEW-/111811788243?hash=item1a08807dd3:g:lC0AAOSwI-BWNZG4","079100925025","More than 10 available /         23 sold","B0018CLXTG"
"20","6 oz. (Ounce) Tabletop Oil and Vinegar Cruet by Update International Set of two","http://www.ebay.com/itm/6-oz-Ounce-Tabletop-Oil-and-Vinegar-Cruet-by-Update-International-Set-of-two-/291653207811?hash=item43e7e2c703:g:g6AAAOSwX~dWiz-c","755576005989","More than 10 available /         5 sold","B00C2LEENY"
"21","Plantronics Charge Case for Bluetooth Headset Voyager Legend - Black BRAND NEW","http://www.ebay.com/itm/Plantronics-Charge-Case-for-Bluetooth-Headset-Voyager-Legend-Black-BRAND-NEW-/291437131930?hash=item43db01b89a:g:a4AAAOSwEeFVM1NO","017229139299","More than 10 available /         22 sold","B009UNGYHG"
"22","Blue Microphones Snowball iCE Condenser Microphone,Cardioid (101211) (White) CXX","http://www.ebay.com/itm/Blue-Microphones-Snowball-iCE-Condenser-Microphone-Cardioid-101211-White-CXX-/291596012084?hash=item43e47a0a34:g:TU4AAOSw9mFWKHl5","789477226747","More than 10 available /         59 sold","B006DIA77E"
"23","Disguise Catboy Classic Toddler PJ Masks Costume, Medium/3T-4T (17145M) NEW","http://www.ebay.com/itm/Disguise-Catboy-Classic-Toddler-PJ-Masks-Costume-Medium-3T-4T-17145M-NEW-/302146426969?hash=item4659549859:g:Dv0AAOSw44BYNYSc","0039897171456","More than 10 available /         58 sold","B01BVF9HRY"
"24","The Hero with a Thousand Faces Third Edition by Joseph Campbell (Hardcover) NEW","http://www.ebay.com/itm/The-Hero-with-a-Thousand-Faces-Third-Edition-by-Joseph-Campbell-Hardcover-NEW-/301130517444?hash=item461cc70bc4:g:ldsAAMXQuTNTLDBj","9781577315933","More than 10 available /         62 sold","1577315936"
"25","KitchenAid [KSMCB5RP] 5-Qt. Tilt-Head Ceramic Bowl (Regal Purple) BOL","http://www.ebay.com/itm/KitchenAid-KSMCB5RP-5-Qt-Tilt-Head-Ceramic-Bowl-Regal-Purple-BOL-/301973705734?hash=item464f091406:g:yY8AAOSwOVpXUThv","883049338880","More than 10 available /         1 sold","B00OCVLRN2"
"26","Galaxy S5 Active Case, SUPCASE Unicorn Beetle PRO Series Full-body Hybrid Case","http://www.ebay.com/itm/Galaxy-S5-Active-Case-SUPCASE-Unicorn-Beetle-PRO-Series-Full-body-Hybrid-Case-/301581274613?hash=item4637a50df5:g:uboAAOSw7aBVG-CF","046144970267","More than 10 available /         77 sold","B00KPRVPK2"
"27","NuTone 5901A000 Fan Blower Wheel Assembly by Q2U LLC, formerly Davelle BRAND NEW","http://www.ebay.com/itm/NuTone-5901A000-Fan-Blower-Wheel-Assembly-by-Q2U-LLC-formerly-Davelle-BRAND-NEW-/111728931860?hash=item1a03903414:g:LCYAAOSwoudW4oUK","026715185542","More than 10 available /         14 sold","B003PE451S"
"28","Cosmos  2 Inches Wide 10 Yards Black Nylon Heavy Webbing Strap with Cosmos Fast","http://www.ebay.com/itm/Cosmos-2-Inches-Wide-10-Yards-Black-Nylon-Heavy-Webbing-Strap-with-Cosmos-Fast-/302020957683?hash=item4651da15f3:g:L14AAOSwWfFXkfo2","610708193890","More than 10 available /         27 sold","B0085872MI"
"29","The Power Pressure Cooker XL Cookbook: 123 Delicious by Whitley Fox [Paperback]","http://www.ebay.com/itm/The-Power-Pressure-Cooker-XL-Cookbook-123-Delicious-by-Whitley-Fox-Paperback-/302177034367?hash=item465b27a07f:g:WIgAAOSw241YYJ2w","9781541009004","More than 10 available /         104 sold","1541009002"
"30","Corelle Livingware 12-1/4-Inch Serving Platter,Winter Frost White by Corelle AOI","http://www.ebay.com/itm/Corelle-Livingware-12-1-4-Inch-Serving-Platter-Winter-Frost-White-by-Corelle-AOI-/301782184196?hash=item46439eb104:g:9hYAAOSw5VFWMd~7","071160031104","More than 10 available /         7 sold","B0000CFTDW"
"31","Rutland Safe Lite Fire Starter Squares, 144-Square(50B)1, Excellent Grills GRMS","http://www.ebay.com/itm/Rutland-Safe-Lite-Fire-Starter-Squares-144-Square-50B-1-Excellent-Grills-GRMS-/301863192412?hash=item464872c75c:g:EakAAOSwGotWsHtI","885398994922","0 available /         11 sold","B00138MO16"
"32","Brother P-touch Easy Hand-Held Label Maker (PT-H100) Style: Labeler only NEW","http://www.ebay.com/itm/Brother-P-touch-Easy-Hand-Held-Label-Maker-PT-H100-Style-Labeler-only-NEW-/302023403739?hash=item4651ff68db:g:w8kAAOSwRgJXlbq4","012502634225","0 available /         8 sold","B008HPTR9U"
"33","Intex Raised Downy Airbed with Built-in Electric Pump, Queen, (66717E) CXX","http://www.ebay.com/itm/Intex-Raised-Downy-Airbed-with-Built-in-Electric-Pump-Queen-66717E-CXX-/291855585354?hash=item43f3f2d04a:g:gPwAAOSwU-pXvr79","012300980593","More than 10 available /         2 sold","B000M0MJU2"
"34","The Cartel 6 : The Demise by Ashley & JaQuavis [Paperback] 320 pages (BRAND NEW)","http://www.ebay.com/itm/The-Cartel-6-The-Demise-by-Ashley-JaQuavis-Paperback-320-pages-BRAND-NEW-/291808699839?hash=item43f12765bf:g:R2QAAOSwzJ5Xd1Pu","9781250066992","More than 10 available /         33 sold","1250066999"
"35","Cyalume SnapLight Industrial Grade Chemical Light Sticks, Yellow, 6"" Long, 12...","http://www.ebay.com/itm/Cyalume-SnapLight-Industrial-Grade-Chemical-Light-Sticks-Yellow-6-Long-12-/111620277109?hash=item19fd164375:g:ajEAAOSwg8FVAojb","Does not apply","More than 10 available /         9 sold","B01LFFN7QM"
"36","Pilot FriXion Point Erasable Gel Pens,Extra (31579),3-Pack,Black/Blue/Red CXX","http://www.ebay.com/itm/Pilot-FriXion-Point-Erasable-Gel-Pens-Extra-31579-3-Pack-Black-Blue-Red-CXX-/291787314043?hash=item43efe1137b:g:3dUAAOSwmtJXWTUD","072838315793","More than 10 available /         3 sold","B004JXHTJE"
"37","WEN 2305 Rotary Tool Kit with Flex Shaft (Style: With Flex Shaft) 120V, 60Hz NEW","http://www.ebay.com/itm/WEN-2305-Rotary-Tool-Kit-with-Flex-Shaft-Style-With-Flex-Shaft-120V-60Hz-NEW-/302111414271?hash=item46573e57ff:g:SM0AAOSwsB9WAX6t","44459023050","More than 10 available /         31 sold",NA
"38","Haven: Complete Final Season BY Emily Rose [Rated: NR/Format: DVD] BRAND NEW","http://www.ebay.com/itm/Haven-Complete-Final-Season-BY-Emily-Rose-Rated-NR-Format-DVD-BRAND-NEW-/111953412931?hash=item1a10f18343:g:Y58AAOSwBnVW~LRi","741952811497","More than 10 available /         2 sold","B01AKUNOES"
"39","Bar's Leaks 1600 Power Steering Repair - 16 oz. by Bar's  Stops leaks(1600) AOI","http://www.ebay.com/itm/Bars-Leaks-1600-Power-Steering-Repair-16-oz-by-Bars-Stops-leaks-1600-AOI-/291669376511?hash=item43e8d97dff:g:LHwAAOSwUV9WpgPl","046087016008","More than 10 available /         31 sold","B000930N0U"
"40","Atlantic Satellite 77305018 2 Speaker Stands (Black) speaker stand BRAND NEW","http://www.ebay.com/itm/Atlantic-Satellite-77305018-2-Speaker-Stands-Black-speaker-stand-BRAND-NEW-/111899401535?hash=item1a0db95d3f:g:XyEAAOSwKtVWuDCF","31742050183","0 available /         7 sold",NA
"41","Dry Erase Marker & Eraser Holder Organizer Rack & Tray (white) by Xclear Holder","http://www.ebay.com/itm/Dry-Erase-Marker-Eraser-Holder-Organizer-Rack-Tray-white-by-Xclear-Holder-/301873310037?hash=item46490d2955:g:g3wAAOSw~OVWwbZR","630125220108","More than 10 available /         59 sold","B0192T18C8"
"42","Haven: Complete Fourth Season,Eric Balfour,Drama (NR/DVD) NEW [TRAILER INSIDE]","http://www.ebay.com/itm/Haven-Complete-Fourth-Season-Eric-Balfour-Drama-NR-DVD-NEW-TRAILER-INSIDE-/291934882289?hash=item43f8acc9f1:g:Cf4AAOSwnbZYH~98","741952756194","More than 10 available /         1 sold","B00F3M3VSS"
"43","BISSELL Perfect Sweep Turbo Cordless Rechargeable Sweeper, 2880A NEW","http://www.ebay.com/itm/BISSELL-Perfect-Sweep-Turbo-Cordless-Rechargeable-Sweeper-2880A-NEW-/111908841154?hash=item1a0e4966c2:g:~YkAAOSw~OVWxbYx","058342002602","More than 10 available /         1 sold","B00440EO6S"
"44","Singer 10-Pack Regular Point Machine Needles Assorted  4 Size (4790) CXX","http://www.ebay.com/itm/Singer-10-Pack-Regular-Point-Machine-Needles-Assorted-4-Size-4790-CXX-/111784410178?hash=item1a06debc42:g:AnYAAOSwVL1WClP9","075691047900","More than 10 available /         18 sold","B00114Q76U"
"45","Micro USB Cable, Rankie 3-Pack 3ft Premium Micro USB Cable High Speed USB CXX","http://www.ebay.com/itm/Micro-USB-Cable-Rankie-3-Pack-3ft-Premium-Micro-USB-Cable-High-Speed-USB-CXX-/291815199054?hash=item43f18a914e:g:2pcAAOSw0kNXgiWD","810298027418","More than 10 available /         5 sold","B00UFG5GVM"
"46","Playtex Drop-Ins BPA-Free Bottle Liners for Playtex Nurser Bottles - 8 Ounce AOI","http://www.ebay.com/itm/Playtex-Drop-Ins-BPA-Free-Bottle-Liners-for-Playtex-Nurser-Bottles-8-Ounce-AOI-/111614147838?hash=item19fcb8bcfe:g:4SQAAOSwGYVXC0SX","074994338821","More than 10 available /         66 sold",NA
"47","Prime-Line Products M 6029 Shower Door Handle Set, Chrome Diecast construct AOI","http://www.ebay.com/itm/Prime-Line-Products-M-6029-Shower-Door-Handle-Set-Chrome-Diecast-construct-AOI-/291721866556?hash=item43ebfa6d3c:g:-dMAAOSw9uFW-Mo7","049793060297","More than 10 available /         3 sold","B0052EE2PI"
"48","Body Fortress Super Advanced Whey Protein Powder, Vanilla, 2 Pound ,[44315] NEW","http://www.ebay.com/itm/Body-Fortress-Super-Advanced-Whey-Protein-Powder-Vanilla-2-Pound-44315-NEW-/291716940619?hash=item43ebaf434b:g:iSYAAOSw8w1X9aks","074312443152","More than 10 available /         24 sold","B00QJ7XJJ2"
"49","Tombow Mono Permanent Adhesive Refills, 3 Pack (62207) by Tombow (BRAND NEW)","http://www.ebay.com/itm/Tombow-Mono-Permanent-Adhesive-Refills-3-Pack-62207-by-Tombow-BRAND-NEW-/111899414194?hash=item1a0db98eb2:g:0cMAAOSw~OVWuDzG","885772711213","More than 10 available /         35 sold",NA
"50","Pyle PLMRA400 400-Watt 4-Channel Waterproof Marine Car Amplifier Aluminum new","http://www.ebay.com/itm/Pyle-PLMRA400-400-Watt-4-Channel-Waterproof-Marine-Car-Amplifier-Aluminum-new-/302018306248?hash=item4651b1a0c8:g:cfcAAOSwFfhXjfwm","068888883375","More than 10 available /         5 sold","B000N5T0T4"
"51","A Place to Stand by Jimmy Santiago Baca  (Paperback) FREE SHIPPING (BRAND NEW)","http://www.ebay.com/itm/A-Place-to-Stand-by-Jimmy-Santiago-Baca-Paperback-FREE-SHIPPING-BRAND-NEW-/111597446909?hash=item19fbb9e6fd:g:x6cAAOSwe-FU3JiY","9780802139085","More than 10 available /         13 sold","0802139086"
"52","Marvel's Avengers Assemble [Blu-ray] Region Free CAPTAIN AMERICA CIVIL WAR MOCA","http://www.ebay.com/itm/Marvels-Avengers-Assemble-Blu-ray-Region-Free-CAPTAIN-AMERICA-CIVIL-WAR-MOCA-/111924261872?hash=item1a0f34b3f0:g:~10AAOSwDuJW19g~","700220332195","More than 10 available /         3 sold","B00EE0Q8RG"
"53","Fotodiox Pro Lens Mount Adapter - M42 Type 2 (42mm x1 Screw Mount) BRAND NEW","http://www.ebay.com/itm/Fotodiox-Pro-Lens-Mount-Adapter-M42-Type-2-42mm-x1-Screw-Mount-BRAND-NEW-/301837155396?hash=item4646e57c44:g:o0QAAOSwal5YLpF1","812759013299","More than 10 available /         48 sold","B003Y2Z6X2"
"54","HP 61 Black Original Ink Cartridge (CH561WN) , Color:Black BRAND NEW","http://www.ebay.com/itm/HP-61-Black-Original-Ink-Cartridge-CH561WN-Color-Black-BRAND-NEW-/111986052525?hash=item1a12e38dad:g:MkwAAOSwLs5XKFQy","745666867146","More than 10 available /         122 sold",NA
"55","YCS Basics 6 inch USB Micro male to female OTG extension cable (Size: 0.5 Ft)","http://www.ebay.com/itm/YCS-Basics-6-inch-USB-Micro-male-to-female-OTG-extension-cable-Size-0-5-Ft-/301582245961?hash=item4637b3e049:g:b8MAAOSwqu9VHR48","819279011378","More than 10 available /         21 sold","B00HAOK7XE"
"56","BIC Wite-Out Brand EZ Correct Correction Tape, 10-Count [WOTAP10- WHI] NEW","http://www.ebay.com/itm/BIC-Wite-Out-Brand-EZ-Correct-Correction-Tape-10-Count-WOTAP10-WHI-NEW-/291852704483?hash=item43f3c6dae3:g:GYAAAOSwU-pXuqgi","070330507906","More than 10 available /         18 sold","B002MGJZRE"
"57","Heavy Duty Backpack Student Transparent School Bookbag by K-Cliffs BKB BRAND NEW","http://www.ebay.com/itm/Heavy-Duty-Backpack-Student-Transparent-School-Bookbag-by-K-Cliffs-BKB-BRAND-NEW-/112035110839?hash=item1a15d01fb7:g:tdUAAOSwGIRXamyK","872721000931","More than 10 available /         13 sold","B00U6GZJU4"
"58","3DS XL / DSi XL Leather Case holds up 3x Game Cartridge by CTA Digital BRAND NEW","http://www.ebay.com/itm/3DS-XL-DSi-XL-Leather-Case-holds-up-3x-Game-Cartridge-by-CTA-Digital-BRAND-NEW-/301881164778?hash=item46498503ea:g:ybUAAOSwe7BWzp2u","069060181265","More than 10 available /         7 sold","B003QWYX8E"
"59","Logitech M570 Wireless Trackball, Computer Wireless Mouse [910-001799] WMS NEW","http://www.ebay.com/itm/Logitech-M570-Wireless-Trackball-Computer-Wireless-Mouse-910-001799-WMS-NEW-/291118114436?hash=item43c7fde684:g:EfgAAOxylpNTP4ex","638084718001","More than 10 available /         96 sold","B01L92XGNK"
"60","Streamlight 73001 Nano Light Miniature Keychain LED Flashlight, Black NEW","http://www.ebay.com/itm/Streamlight-73001-Nano-Light-Miniature-Keychain-LED-Flashlight-Black-NEW-/301566720175?hash=item4636c6f8af:g:vDwAAOSwstxVCUMi","092608730014","More than 10 available /         30 sold","B0011UIPIW"
"61","KitchenAid SSA Sausage Stuffer Kit Attachment for Food Grinder Size: 1 NEW AOI","http://www.ebay.com/itm/KitchenAid-SSA-Sausage-Stuffer-Kit-Attachment-for-Food-Grinder-Size-1-NEW-AOI-/291636531662?hash=item43e6e451ce:g:KTsAAOSwcBhWaqbp","050946000169","More than 10 available /         76 sold","B00004SGFQ"
"62","Dremel 225-01 Flex Shaft Attachment (225-01)  (BRAND NEW)","http://www.ebay.com/itm/Dremel-225-01-Flex-Shaft-Attachment-225-01-BRAND-NEW-/111618816661?hash=item19fcfffa95:g:lMEAAOSwe-FVAC~u","080596002251","More than 10 available /         20 sold","B01G7IP8OQ"
"63","Graco 17A226 FlexLiner Paint Bags, 3-Pack Paint bag size is 32 oz BRAND NEW AOI","http://www.ebay.com/itm/Graco-17A226-FlexLiner-Paint-Bags-3-Pack-Paint-bag-size-is-32-oz-BRAND-NEW-AOI-/301944351972?hash=item464d492ce4:g:ghQAAOSwZSFXJJdX","633955553538","More than 10 available /         16 sold","B00NQU19RE"
"64","Century 7 Day Heavy Duty Digital Programmable Timer - Dual Outlet (FD60-U6) NEW","http://www.ebay.com/itm/Century-7-Day-Heavy-Duty-Digital-Programmable-Timer-Dual-Outlet-FD60-U6-NEW-/291946305216?hash=item43f95b16c0:g:W5UAAOSw44BYLpax","680474115587","More than 10 available /         23 sold","B00MVF16JG"
"65","Tesla Coil Lighters™ USB Rechargeable Windproof Arc Lighter Safe and easy to use","http://www.ebay.com/itm/Tesla-Coil-Lighters-USB-Rechargeable-Windproof-Arc-Lighter-Safe-and-easy-to-use-/291895754144?hash=item43f657bda0:g:h1YAAOSwTA9X8IOk","0849344046936","More than 10 available /         51 sold","B016P8A1K4"
"66","The Ghost Meter EMF Sensor by Alternative Tech International Flashing led lights","http://www.ebay.com/itm/The-Ghost-Meter-EMF-Sensor-by-Alternative-Tech-International-Flashing-led-lights-/301844263827?hash=item464751f393:g:9QgAAOSwJkJWkeSv","656181000881","More than 10 available /         19 sold","B000ZH7G1E"
"67","Niutop 72-color Premier Soft Core Art Colored Drawing Pencils MODEL NO. BC33138","http://www.ebay.com/itm/Niutop-72-color-Premier-Soft-Core-Art-Colored-Drawing-Pencils-MODEL-NO-BC33138-/111937895477?hash=item1a1004bc35:g:ZT0AAOSwzLlXh1q1","Does not apply","More than 10 available /         6 sold","B01LFFN7QM"
"68","Quick-n-EZ Impact Bullet Puller by Frankford Arsenal [836017] (BRAND NEW)","http://www.ebay.com/itm/Quick-n-EZ-Impact-Bullet-Puller-by-Frankford-Arsenal-836017-BRAND-NEW-/301835364886?hash=item4646ca2a16:g:S4kAAOSwJcZWgOjr","661120446422","More than 10 available /         61 sold","B001B7ZB4Q"
"69","Tea Leaf Reading A Divination Guide by Dennis Fairchild (Hardcover) BRAND NEW","http://www.ebay.com/itm/Tea-Leaf-Reading-A-Divination-Guide-by-Dennis-Fairchild-Hardcover-BRAND-NEW-/301747697615?hash=item46419077cf:g:D2QAAOSw37tWATGZ","9780762456406","More than 10 available /         2 sold","076245640X"
"70","3M Imperial Wetordry 3-2/3"" x 9"" 2000 Grit Automotive Sandpaper 03003 NEW [AOI]","http://www.ebay.com/itm/3M-Imperial-Wetordry-3-2-3-x-9-2000-Grit-Automotive-Sandpaper-03003-NEW-AOI-/302054343763?hash=item4653d78453:g:f-8AAOSwHoFXwXPN","051131030039","More than 10 available /         10 sold","B000MW91RE"
"71","The Guilty (Will Robie series) by David Baldacci (Hardcover) (Language: English)","http://www.ebay.com/itm/The-Guilty-Will-Robie-series-by-David-Baldacci-Hardcover-Language-English-/291593742300?hash=item43e45767dc:g:27MAAOSwwbdWJNFE","9781455586424","Last one /         14 sold","1455586420"
"72","Zoo Med ReptiSun 10.0 UVB Mini Compact Fluorescent (13 watts) MODEL NO. 25157","http://www.ebay.com/itm/Zoo-Med-ReptiSun-10-0-UVB-Mini-Compact-Fluorescent-13-watts-MODEL-NO-25157-/301868554426?hash=item4648c498ba:g:ELEAAOSwezVWuXVn","097612340112","More than 10 available /         15 sold","B00A8RHTYU"
"73","KONG Jumbler Ball Dog Toy (TMB1)  [Large/X-Large] Ideal for interactive fun NEW","http://www.ebay.com/itm/KONG-Jumbler-Ball-Dog-Toy-TMB1-Large-X-Large-Ideal-for-interactive-fun-NEW-/112069977743?hash=item1a17e4268f:g:RpAAAOSwCGVYBxTY","035585034089","More than 10 available /         37 sold","B00KNWVPFO"
"74","Lisle [77080 ]19 mm Harmonic Balancer Socket for Honda, Made with heat-treated","http://cgi.ebay.com/ebaymotors/Lisle-77080-19-mm-Harmonic-Balancer-Socket-for-Honda-Made-with-heat-treated-/302054262115?hash=item4653d64563:g:SX8AAOSw6n5XwVI2","083045770800","More than 10 available /         8 sold","B00RGNCV1U"
"75","Work Sharp WSSA0002705 Fine 6000 Replacement Belt Kit (WSKTS & WSKTS-KT Only)","http://www.ebay.com/itm/Work-Sharp-WSSA0002705-Fine-6000-Replacement-Belt-Kit-WSKTS-WSKTS-KT-Only-/291675422550?hash=item43e935bf56:g:HpYAAOSwoydWsEGe","662949038638","More than 10 available /         5 sold","B008BX95DG"
"76","Everything In Between (LP) by Ugly Heroes (Mello Music) (Rap & Hip-Hop) [Vinyl]","http://www.ebay.com/itm/Everything-In-Between-LP-by-Ugly-Heroes-Mello-Music-Rap-Hip-Hop-Vinyl-/302014005741?hash=item46517001ed:g:zTAAAOSwyKxXh31o","888608666633","2 available /         1 sold","B01D5HQ44K"
"77","ReStor-It Leather/Vinyl Repair Kit, Includes7 1.8-Ounce Colors Mixing(18073) CXX","http://www.ebay.com/itm/ReStor-It-Leather-Vinyl-Repair-Kit-Includes7-1-8-Ounce-Colors-Mixing-18073-CXX-/301954849437?hash=item464de95a9d:g:JvsAAOSwYmZXNFyS","034238180739","More than 10 available /         8 sold","B001E01TPK"
"78","Avantree aptX LOW LATENCY Bluetooth Transmitter for TV, Dual Link with Two  CXX","http://www.ebay.com/itm/Avantree-aptX-LOW-LATENCY-Bluetooth-Transmitter-for-TV-Dual-Link-with-Two-CXX-/301872442801?hash=item4648ffedb1:g:lcsAAOSw2xRYZLMN","848061078350","More than 10 available /         10 sold",NA
"79","Tetra Whisper Unassembled Bio-Bag Filter Cartridges 26164 Large 12-Pack NEW","http://www.ebay.com/itm/Tetra-Whisper-Unassembled-Bio-Bag-Filter-Cartridges-26164-Large-12-Pack-NEW-/291575733179?hash=item43e3449bbb:g:fKcAAOSwKIpWCOrm","045623631200","More than 10 available /         263 sold","B001DCZUO0"
"80","The Best Homemade Kids' Snacks on the Planet : by Laura Fuentes  (Paperback) NEW","http://www.ebay.com/itm/The-Best-Homemade-Kids-Snacks-on-the-Planet-by-Laura-Fuentes-Paperback-NEW-/291498888956?hash=item43deb00efc:g:Ya4AAOSw9N1ViO2m","9781592336616","More than 10 available /         2 sold","1592336612"
"81","White Line Fever: The Autobiography by Lemmy Kilmister (Paperback) BRAND NEW","http://www.ebay.com/itm/White-Line-Fever-The-Autobiography-by-Lemmy-Kilmister-Paperback-BRAND-NEW-/111442227636?hash=item19f27971b4:g:w5kAAOSwPe1T9tKi","9780806525907","More than 10 available /         9 sold","0806525908"
"82","Acer Chromebook R11,Convertible 4GB RAM,32GB SSD,Intel Celeron(CB5-132T-C1LK)HVI","http://www.ebay.com/itm/Acer-Chromebook-R11-Convertible-4GB-RAM-32GB-SSD-Intel-Celeron-CB5-132T-C1LK-HVI-/112204984805?hash=item1a1ff031e5:g:-p8AAOSwImRYKqvt","888863334391","More than 10 available /         3 sold","B01J42JPJG"
"83","2016 World Series Champions: The Chicago Cubs Various (TRAILER INSIDE) (DVD)","http://www.ebay.com/itm/2016-World-Series-Champions-The-Chicago-Cubs-Various-TRAILER-INSIDE-DVD-/291936048804?hash=item43f8be96a4:g:~xwAAOSwcUBYIFc3","826663172911","More than 10 available /         3 sold","B01L1TX2I0"
